id,title,description,availability,condition,price,link,image_link,additional_image_link,brand,product_type,google_product_category,mpn
DSEP-CHM-01-1,"White Spray Tub and tile Paint,Bathroom Wallpaper,Bathtub and Tile Spray Ceramic Paint, Aerosol Bathtub and Tile Refinishing Kit, for Porcelain Fiberglass...","DIY BATHTUB AND TILE SPRAY PAINT: Designed for ceramics Porcelain or fiberglass surface designs such as bathtubs/tile floors/walls/toilets, sinks/showers/kitchen countertops,DIY bathtub refinishing bathtub and tile spray paint. Great for refurbishing old bathtubs, sinks and showers. Bathtub Refinishing Tub and Tile Spray Paint can help you perfectly refurbish dull surfaces such,Spruce up your bathroom
HIGH QUALITY TUB AND TILE PAINT: Tub and Tile Spray Paint coating will become hard after curing, just like the semi-gloss porcelain surface, with wear-resistant and heat-resistant, super protective. Ideal for high humidity environments.
EASY TO USE: 1-6 hours non-stick, surface dry for 5 days before contact with water; The maximum hardness is reached in 5 days, and if it is winter, the maximum hardness is reached after 7 days of spraying. The area of a can is about 12-17 sq. ft .Apply 2 coats,let the first coat dry 60 minutes, then apply a second coat of bath top paint.
GOOD QUALITY: SHANGTIANFENG spray paint can re-glaze porcelain surfaces, Uniform covering, no residue, high adhesion, no shedding, low odor,giving your bathroom a new look without the time and cost of replacing tiles and bathtubs.
CERAMIC PAINT ANTICORROSIVE: Bathtub paint has the anticorrosive ability, effective resistance to acid, alkali and other chemical substances erosion, rustoleum tub and tile refinishing kit to protect ceramics from damage.",in stock,new,15.89 USD,https://doublesidedepoxy.wareplatform.com/#products,https://m.media-amazon.com/images/I/5186+rjnZ0L._AC_SL1500_.jpg,"https://doublesidedepoxy.wareplatform.com/products/dsep-chm-01-2.jpg,https://doublesidedepoxy.wareplatform.com/products/dsep-chm-01-3.jpg",STF ,Epoxy Flooring Kit >WHite Spray Can,Home & Garden > Hardware > Building Materials > Flooring & Carpet > Flooring,DSEP-CHM-01
DSEP-ACF-02-2,"Professional Floor Paint Kit (?Silver Gray ,5 Gallon?800-1000 sq.ft)) - Acrylic Concrete Coating for Garages & Basements | Single Component Formula |...","No-Mix Formula: Ready to Use Instantly: After filling a container and stirring it for 2 minutes, it can be used for painting.! Our Water-based environmental paint is ready right out of the can – perfect for DIYers to tackle garage, patio, or pool deck projects in minutes..Non-toxic and low in odor
Water & Slip-Resistant Satin Finish: Safe in Wet Zones: Boasts a sleek satin sheen with dual protection: repels water to prevent pooling and adds slip resistance. Ideal for pool decks, garages, or patios where moisture is common.
Extreme Multi-Protection Shield: Resists water, scuffing, fading, cracking, peeling, plus defends against chemicals, mildew, and hot tire marks. A true all-weather barrier for high-traffic floors.
Indoor & Outdoor Versatility: Perfect for garages, carports, walkways, porches, pool decks (waterproof must-have!), and patios – one paint for every concrete surface, inside or outside.
5 Gallon: Covers Big Waterproof Projects:Generous 5-gallon size handles large areas,800-1000 sq.ft? saving time on full garage overhauls, patio makeovers, or sealing wet pool decks.
Harmless to the human body: During application, the VOC content is only 2 g/L and formaldehyde content is 8 mg/kg, both far below the national standard limits. After the product is fully cured (5 days), VOC and formaldehyde emissions drop to zero.
Notes: 1.Thoroughly clean the floor surface. 2.Fill uneven areas and cracks on the floor with crack filler. 3.If the floor contains excessive dust, apply one coat of primer sealer first. 4.If the floor surface lacks sufficient hardness, apply a primer sealer first, then add a floor paint intermediate coat blended with quartz sand. 5.For cement floors with adequate hardness, apply our coating directly after thorough cleaning and complete drying. Apply two coats in total.",in stock,new,186.99 USD,https://doublesidedepoxy.wareplatform.com/#products,https://m.media-amazon.com/images/I/61ZoELc02IL._AC_SL1500_.jpg,"https://doublesidedepoxy.wareplatform.com/products/dsep-acf-02-2.jpg,https://doublesidedepoxy.wareplatform.com/products/dsep-acf-02-3.jpg",STF ,Epoxy Flooring Kit > Acrylic Concrete Coating,Home & Garden > Hardware > Building Materials > Flooring & Carpet > Flooring,DSEP-ACF-02
DSEP-SPS-03-3,"Professional Floor Paint Kit (?Silver Gray ,5 Gallon?800-1000 sq.ft)) - Acrylic Concrete Coating for Garages & Basements | Single Component Formula |...","No-Mix Formula: Ready to Use Instantly: Skip messy mixing! Our Acrylic Concrete Coating is ready right out of the can – perfect for DIYers to tackle garage, patio, or pool deck projects in minutes.Harmless to the human body: During application, the VOC content is only 2 g/L and formaldehyde content is 8 mg/kg, both far below the national standard limits. After the product is fully cured (5 days), VOC and formaldehyde emissions drop to zero.
Water & Slip-Resistant Satin Finish: Safe in Wet Zones: Boasts a sleek satin sheen with dual protection: repels water to prevent pooling and adds slip resistance. Ideal for pool decks, garages, or patios where moisture is common.
Extreme Multi-Protection Shield: Resists water, scuffing, fading, cracking, peeling, plus defends against chemicals, mildew, and hot tire marks. A true all-weather barrier for high-traffic floors.
Indoor & Outdoor Versatility: Perfect for garages, carports, walkways, porches, pool decks (waterproof must-have!), and patios – one paint for every concrete surface, inside or outside.
5 Gallon/19KG: Covers Big Waterproof Projects:Generous 1-gallon size (5KG) handles large areas, saving time on full garage overhauls, patio makeovers, or sealing wet pool decks.
Notes: Thoroughly clean the floor surface. Fill uneven areas and cracks on the floor with crack filler. If the floor contains excessive dust, apply one coat of primer sealer first. If the floor surface lacks sufficient hardness, apply a primer sealer first, then add a floor paint intermediate coat blended with quartz sand. For cement floors with adequate hardness, apply our coating directly after thorough cleaning and complete drying. Apply two coats in total.
Notes: 1.Thoroughly clean the floor surface. 2.Fill uneven areas and cracks on the floor with crack filler. 3.If the floor contains excessive dust, apply one coat of primer sealer first. 4.If the floor surface lacks sufficient hardness, apply a primer sealer first, then add a floor paint intermediate coat blended with quartz sand. 5.For cement floors with adequate hardness, apply our coating directly after thorough cleaning and complete drying. Apply two coats in total.",in stock,new,186.99 USD,https://doublesidedepoxy.wareplatform.com/#products,https://m.media-amazon.com/images/I/71lAaPcJPQL._AC_SL1500_.jpg,"https://doublesidedepoxy.wareplatform.com/products/dsep-sps-03-2.jpg,https://doublesidedepoxy.wareplatform.com/products/dsep-sps-03-3.jpg",STF ,Epoxy Flooring Kit > Acrylic Concrete Coating,Home & Garden > Hardware > Building Materials > Flooring & Carpet > Flooring,DSEP-SPS-03
DSEP-CMB-04-4,"
Professional Floor or Wall Paint Kit Smoke grey, 5 gallon, 800-1000 sq.ft) - Smoke grey Acrylic Concrete Coating for Garages & Indoor,outdoor | Single...","Offering an extensive coverage area of up to 600-800 square feet, our versatile garage floor coating is perfect for residential garages, commercial parking lots, industrial facilities, and warehouses. One purchase provides ample coverage for your needs.
Our Low glossiness epoxy resin formula ensures unmatched durability, allowing the coating to withstand frequent vehicle traffic and heavy dragging. With a lifespan of 5-10 years, our garage floor paint significantly reduces the need for frequent repairs.
Cures within 2-3 hours, allowing for foot traffic after just 3 days and vehicle traffic after 7 days. This quick drying time ensures minimal disruption to your daily routine and a hassle-free application process.
Our garage floor paint that reflects more light, making small areas appear more spacious. Additionally, the smooth finish is resistant to stains, making it incredibly easy to clean and maintain a pristine look.
Provides a terrazzo flooring look in a high-gloss finish that resists cracking, peeling, chemical spills, hot tire pick up and provides a showroom quality floor in 1-coat that lasts
With its easy-to-clean surface, our garage floor paint not only looks great but also stays that way. Its non-porous finish resists dirt and grime, ensuring that your space remains clean and hygienic, with minimal effort required for maintenance.
Notes: Thoroughly clean the floor surface. Fill uneven areas and cracks on the floor with crack filler. If the floor contains excessive dust, apply one coat of primer sealer first. If the floor surface lacks sufficient hardness, apply a primer sealer first, then add a floor paint intermediate coat blended with quartz sand. For cement floors with adequate hardness, apply our coating directly after thorough cleaning and complete drying. Apply two coats in total",in stock,new,176.99 USD,https://doublesidedepoxy.wareplatform.com/#products,https://m.media-amazon.com/images/I/71Bh2WJOfrL._AC_SL1500_.jpg,"https://doublesidedepoxy.wareplatform.com/products/dsep-cmb-04-2.jpg,https://doublesidedepoxy.wareplatform.com/products/dsep-cmb-04-3.jpg",STF ,Epoxy Flooring Kit > Wall Paint Kit Smoke grey,Home & Garden > Hardware > Building Materials > Flooring & Carpet > Flooring,DSEP-CMB-04
DSEP-FGQ-05-5,"


Black Ceramic Tile Bathroom Wall Bathtub Paint Sink Paint Refinishing Kit (50-60sq.ft), Easy of Use Tub Resurfacing Bathroom Sink Kitchen Countertop, Low...","???SPECIAL NOTE: 1. If you can not use up the paint at one time, please pour a small part of the paint out with a small container, and then add the curing agent, the paint after adding the curing agent is best in 1-2 hours to brush up, if more than 2 hours, the paint will cure and cannot be used. (SPECIAL NOTE: DO NOT ADD CURING AGENT TO THE PAINT THAT IS NOT IMMEDIATELY PAINTED, OTHERWISE THE PAINT WITH CURING AGENT WILL DETERIORATE AFTER 2 HOURS). 2. Please clean the surface before painting. 3. The curing agent and the paint need to be stirred evenly (about two minutes). 4. Brush the second time at an interval of 24 hours 5. Full curing time is greater than 7 days.
???8 FEATURES OF SHANGTIANFENG TILE PAINT: ?Tile refinishing DIY by yourself. ?Tub and tile refinishing kit with all tools. ?Odorless health & security, baby safe to use. ?3 steps easy application. ?Durable & Long Lasting. ?Resistance peeling and chipping. ?Wait for 7 days for complete drying. ?Quality guaranteed, 24-hour service via Amazon. Complete the same great project for less money with tub and tile refinishing kit!",in stock,new,31.80 USD,https://doublesidedepoxy.wareplatform.com/#products,https://m.media-amazon.com/images/I/61cXkgXX4FL._AC_SL1500_.jpg,"https://doublesidedepoxy.wareplatform.com/products/dsep-fgq-05-2.jpg,https://doublesidedepoxy.wareplatform.com/products/dsep-fgq-05-3.jpg",STF ,Epoxy Flooring Kit > Black Ceramic Tile,Home & Garden > Hardware > Building Materials > Flooring & Carpet > Flooring,DSEP-FGQ-05
DSEP-VLM-06-6,"
ShangTianFeng 207014 Marine Wood and Fiberglass Primer,32 Fl Oz Brilliant Bright Red+10 Fl Oz diluent, Suitable for use on fiberglass, wood or metal...","To enhance the quality of our products, we produce high-concentration coatings, which feature a larger coating area, higher thickness and hardness. our product already includes paint thinner, so you don't need to purchase it separately. according to the actual construction environment on site, the ratio of the paint thinner should be appropriately adjusted, generally 1:0.3
Ideal for metal watch glass fiber, wood or use above the water line, able to cope with the harsh environment at sea and avoid erosion by corrosive substances.
Oil-based formulation is flexible, easy to apply, and has excellent levelling. Good adhesion, long duration.
It takes only 1 to 2 hours to dry in clear weather and covers up to 100 square feet
The durable coating resists wear and extreme weather conditions at sea and provides long-lasting UV protection
Excellent gloss retention, long-lasting retention, smooth surface helps to maintain the appearance and elegance of the surface",in stock,new,28.99 USD,https://doublesidedepoxy.wareplatform.com/#products,https://m.media-amazon.com/images/I/71OTtAM+NgL._AC_SL1500_.jpg,"https://doublesidedepoxy.wareplatform.com/products/dsep-vlm-06-2.jpg,https://doublesidedepoxy.wareplatform.com/products/dsep-vlm-06-3.jpg",STF ,Epoxy Flooring Kit > Marine Wood and Fiberglass Primer,Home & Garden > Hardware > Building Materials > Flooring & Carpet > Flooring,DSEP-VLM-06
